 12 000001111000000111100000101011001010110010111010111000000000000000
 12 000001111000000111100000101011001001110011011010111000000000000000
 12 000001111000000110110000101101001010110011011010111000000000000000
 12 000001111000000110011000101110001011010011011010111000000000000000
 12 000011110000000111100000111001000101110001111000111000100000000000
 12 000011100010000111100000111100000110110001111000111000100000000000
 12 000011110000000111100000101101000110110010111000111000100000000000
 12 000011110000000110011000101011000111100011101000111001000000000000
 12 000011000110000111100000111100000110110010111001101000100000000000
 12 000011110000000111001000100111000101110001111011010001000000000000
 12 000011110000000110101000101011000101110001111011010001000000000000
 12 000011110000000101101000101011000101110010111011010001000000000000
 12 000011110000000101011000100111000111100010111011100000010000000000
 12 000011110000000101011000100111000111010010111011010001000000000000
 12 000011100010000111100000101110000110110001111000111100000000000000
 12 000011110000000111001000100111000101110001111001110100000000000000
 12 000011100010000101110000101101000111100011011000111100000000000000
 12 000011001010000111100000111010000011110001111010011100000000000000
 12 000011011000000110011000110011000011110001111011100100000000000000
 12 000011110000000101011000100111000111010001111010110100000000000000
 12 000011110000000101011000100111000101110001111011100100000000000000
 12 000011110000000100111000100111000110110001111011100100000000000000
 12 000011001010000111100000101110000110110001111010011100000000000000
 12 000011001010000111100000101011000111100001111010011100000000000000
 12 000011001010000111001000101110000111100001111010011100000000000000
 12 000011001010000101110000101101000111100011011010011100000000000000
 12 000011001010000101110000101011000111100011101010011100000000000000
 12 000011011000000101011000101011000101110010111011100100000000000000
 12 000011011000000101011000100111000110110010111011100100000000000000
 12 000010110010000111100000111100001001110011011000111000100000000000
 12 000010101010000111100000111100001001110011011001011000100000000000
 12 000010010110000111100000111100001101010011011000111000100000000000
 12 000010010110000111100000111001001101010011110000111000100000000000
 12 000010100110000111100000111100001010110001111000111100000000000000
 12 000010001110000111100000111010001110010001111000111100000000000000
 12 000010110010000111100000101110001001110011011000111100000000000000
 12 000010101010000111100000101110001001110011011001011100000000000000
 12 000010101010000111100000101011001001110011110001011100000000000000
 12 000010100110000111100000101011001001110011110001101100000000000000
 12 000010101010000110011000101110001011010011110001011100000000000000
 12 000010010110000111100000111100001010110010111000111100000000000000
 12 000010010110000111100000111010001011010010111000111100000000000000
 12 000010011010000111100000110110001010110011011000111100000000000000
 12 000010011010000111100000110011001011100011011000111100000000000000
 12 000010001110000111100000111100001010110011011000111100000000000000
 12 000010001110000111100000111010001011010011011000111100000000000000
 12 000011110000000111100000011011000101110001111100101000100000000000
 12 000011110000000111001000011011000101110001111100110001000000000000
 12 000011110000000100111000011110000111100010111101001000010000000000
 12 000011000110000111100000011110000111100011101100011000010000000000
 12 000011110000000101011000010111000101110001111111000001000000000000
 12 000011110000000100111000011011000101110001111111000001000000000000
 12 000011110000000101011000010111000011110001111110100100000000000000
 12 000011110000001110100000011110000111010001111000011000110000000000
 12 000011110000001110010000011011000101110001111001100001010000000000
 12 000011110000001100101000011110000111100011101000011000110000000000
 12 000011110000001101010000010111000101110010111001100010010000000000
 12 000011110000001100101000011110000101110001111011000000110000000000
 12 000011101000001101010000011011000101110001111011000001010000000000
 12 000011110000001011100000101101000110110010111000110000110000000000
 12 000011110000001011100000101011000110110010111000110001010000000000
 12 000011110000001011100000100111000110110011011000110001010000000000
 12 000011110000001010011000101101000111100011110000101000110000000000
 12 000011110000001010011000101011000111100011110000101001010000000000
 12 000011100010001011100000101101000111100011110000011000110000000000
 12 000011110000001011100000101101000101110010111001010000110000000000
 12 000011110000001011100000100111000111010010111001010000110000000000
 12 000011110000001010110000101101000110110010111001100000110000000000
 12 000011110000001010011000101101000111100010111001100000110000000000
 12 000011110000001010110000101011000110110010111001100001010000000000
 12 000011110000001011100000100111000110110010111000110010010000000000
 12 000011100010001011100000100111000111100011110000011010010000000000
 12 000011110000001010110000100111000110110010111001100010010000000000
 12 000011110000001010011000100111000111100010111001100010010000000000
 12 000011110000001011100000101101000101110001111010010000110000000000
 12 000011110000001010110000101101000101110001111011000000110000000000
 12 000011110000001010110000100111000111010001111011000000110000000000
 12 000011101000001010110000101101000110110001111011000000110000000000
 12 000011100010001010110000101011000111100001111011000001010000000000
 12 000011110000001001011000111100000101110001111010001001100000000000
 12 000011110000001000111000111100000101110001111010001010100000000000
 12 000011011000001011010000110101000101110001111011000000110000000000
 12 000011011000001011010000110011000101110001111011000001010000000000
 12 000011001100001011100000111001000101110001111011000000110000000000
 12 000011011000001010110000110101000110110001111011000000110000000000
 12 000011011000001010110000110011000110110001111011000001010000000000
 12 000011010010001010110000110011000111100001111011000001010000000000
 12 000011000110001010110000111100000110110001111011000001010000000000
 12 000011000110001010110000111001000111100001111011000001010000000000
 12 000011110000001001110000100111000111010011011010100000110000000000
 12 000011110000001001110000100111000110110011011010100001010000000000
 12 000011110000001000111000101011000111100011110010001001010000000000
 12 000011110000001000111000101011000111100010111011000001010000000000
 12 000011110000001000111000100111000111100011101011000000110000000000
 12 000011110000001000111000100111000111100011110010001010010000000000
 12 000011110000001001110000100111000101110010111011000010010000000000
 12 000011011000001011010000101101000101110010111011000000110000000000
 12 000011011000001011010000100111000111010010111011000000110000000000
 12 000011010100001011100000100111000111010010111011000000110000000000
 12 000011011000001010110000101011000110110010111011000001010000000000
 12 000011001100001011100000101011000110110010111011000001010000000000
 12 000011000110001011100000101011000111100010111011000001010000000000
 12 000011011000001010110000100111000111010011011011000000110000000000
 12 000011011000001010110000100111000110110011011011000001010000000000
 12 000011001100001011100000100111000111010011011011000000110000000000
 12 000011000110001011100000100111000111100011101011000000110000000000
 12 000011001100001011100000100111000110110011011011000001010000000000
 12 000011001010001010011000101011000111100011110011000001010000000000
 12 000011000110001010101000101011000111100011110011000001010000000000
 12 000011011000001011010000100111000101110010111011000010010000000000
 12 000011001100001011100000101011000101110010111011000010010000000000
 12 000011011000001010110000100111000110110010111011000010010000000000
 12 000011000110001001101000111100000111100011110010001000110000000000
 12 000011000110001001011000111100000111100011110010001001010000000000
 12 000011010010001000111000111100000111100010111011000000110000000000
 12 000011011000001000111000110101000111100011011011000000110000000000
 12 000011011000001000111000110011000111100011011011000001010000000000
 12 000011010010001000111000110011000111100011110011000001010000000000
 12 000011001010001000111000111100000111100011011011000000110000000000
 12 000011000110001000111000111001000111100011110011000001010000000000
 12 000011101000001000111000101101000110110001111011000100100000000000
 12 000011011000001011010000100111000101110001111011000100010000000000
 12 000011001100001011100000101011000101110001111011000100010000000000
 12 000011000110001010110000101101000111100001111011000100010000000000
 12 000011000110001011100000100111000111100001111010001110000000000000
 12 000011000110001011001000100111000111100001111010100110000000000000
 12 000011001100001001101000101011000111100010111011000100010000000000
 12 000011001010001000111000101011000111100011110011000100010000000000
 12 000011000110001000111000101101000111100011011011000101000000000000
 12 000011000110001000111000101011000111100011101011000101000000000000
 12 000010111000001010101000101011001001110011110011000000110000000000
 12 000010111000001010011000101101001001110011110011000000110000000000
 12 000010111000001010011000101011001001110011110011000001010000000000
 12 000010101100001010101000101011001010110011110011000001010000000000
 12 000010101100001001011000111100001010110011110010001001010000000000
 12 000010101010001001011000111100001010110010111011000001100000000000
 12 000010100110001001101000111100001010110010111011000001100000000000
 12 000010100110001001011000111100001001110011110011000001010000000000
 12 000010111000001000111000110101001010110011110011000000110000000000
 12 000010111000001000111000110011001010110011110011000001010000000000
 12 000010101100001001101000110011001010110011110011000001010000000000
 12 000010101100001001011000110101001010110011110011000001010000000000
 12 000010100110001001110000110101001010110011110011000001010000000000
 12 000010010110001000111000111100001110010011110010001001100000000000
 12 000010111000001011001000100111001001110001111010010110000000000000
 12 000010111000001001101000101011001001110011110010010100010000000000
 12 000010111000001001011000100111001001110011110010001110000000000000
 12 000011110000001110010000101110000101110001111001100000010001000000
 12 000011110000001110001000101011000101110001111001100001000010000000
 12 000011110000001010110000110110001010110001111001100000010001000000
 12 000011110000001010110000110011001011010001111001010000010100000000
 12 000011100010001010101000111100001010110001111001100000100010000000
 12 000011100010001011001000111100001001110001111000110010000010000000
 12 000011100010001010101000111100001010110001111000110000101000000000
 12 000011100010001001011000111100001101100001111000101010000010000000
 12 000011100010001000111000111100001111000001111000011010000010000000
 12 000011100100001011100000101011001001110011101001100000010010000000
 12 000011110000001011100000100111001001110011110000011010000001000000
 12 000011110000001010011000100111001001110011110001100010000001000000
 12 000011110000001010101000101110001011100010111000011000011000000000
 12 000011110000001010101000101110001010110010111000011001001000000000
 12 000011100100001001110000111100001010110010111001100000010001000000
 12 000011100100001001101000111100001011100010111000011010000001000000
 12 000011101000001001110000111001001010110010111000110010000001000000
 12 000011110000001001110000110101001001110011011000110010000001000000
 12 000011110000001001101000110110001001110011011000011010000100000000
 12 000011110000001001101000110011001001110011110000011010000100000000
 12 000011110000001001101000110011001001110011011000110010000100000000
 12 000011110000001001011000110110001001110011011000101010000100000000
 12 000011110000001001011000110011001001110011110000101010000100000000
 12 000011100010001001011000111100001001110011110000101010000010000000
 12 000011101000001001110000110101001010110011011000110010000001000000
 12 000011101000001001110000110011001011010011011000110010000001000000
 12 000011101000001001110000110011001010110011101000110010000001000000
 12 000011101000001001011000110011001011100011101000101010000010000000
 12 000011100100001000111000111100001011100011101000011010000001000000
 12 000011100100001000111000111100001011100011011000101010000001000000
 12 000011100010001001110000111100001001110010111001010010000001000000
 12 000011101000001000111000110011001011100011101001001010000010000000
 12 000011100010001000111000110110001011100011011001001010000100000000
 12 000011100010001000111000110011001011100011110001001010000100000000
 12 000011011000001011100000111001001010110010111000110000100001000000
 12 000011011000001010110000111100001010110011011000110000010001000000
 12 000011011000001011100000111001001001110010111001010000100001000000
 12 000011011000001011100000110011001011010010111001010000100001000000
 12 000011011000001011010000110101001010110010111001100000010010000000
 12 000011011000001010110000110011001011010011011001100000100001000000
 12 000011011000001010110000110011001011010011011001100000010010000000
 12 000011011000001010110000110011001010110011110001100000010001000000
 12 000011011000001010110000110011001010110011101001100000010010000000
 12 000011011000001010011000110011001011100011110001100000010001000000
 12 000011011000001010110000110011001011010011011000110010000001000000
 12 000010111000001011100000111010001001110100111001010000010001000000
 12 000010110010001011001000111100001001110100111000110010000010000000
 12 000010101010001010011000111100001011100101110000011010000001000000
 12 000010111000001010011000110110001011010101101000011000101000000000
 12 000010100110001010011000111100001011100101101000101000101000000000
 12 000010101100001010101000111100001010110101011000011001001000000000
 12 000010100110001001011000111100001111000101110000101000100001000000
 12 000010100110001001011000111100001111000101101000101000100010000000
 12 000010111000001001110000110011001100110101110001100000010001000000
 12 000010101010001001011000111100001111000100111000011010000010000000
 12 000010100110001001101000111100001111000100111000011010000010000000
 12 000010100110001001011000111100001111000100111000101000101000000000
 12 000010100110001001011000111100001101100101101000101000101000000000
 12 000010101010001000111000111100001111000101011000011000101000000000
 12 000010001110001000111000111100001110100111001000011010000100000000
 12 000011011000001101010000010111000101110010111101000010000001000000
 12 000011011000001100110000011011000101110010111101000010000001000000
 12 000011011000001100011000011110000101110010111101000010000001000000
 12 000011110000001011001000101110000101110001111100100000100001000000
 12 000011110000001011100000100111000111100001111100001000010010000000
 12 000011011000001010110000110011000110110001111101000001000001000000
 12 000011001100001011100000110101000110110001111101000000100001000000
 12 000011001010001011010000110011000111100001111101000000010100000000
 12 000011001100001011100000110011000101110001111101000010000001000000
 12 000011000110001011100000111100000101110001111100010000011000000000
 12 000011110000001001011000101101000101110010111100100000101000000000
 12 000011011000001010110000100111000110110010111101000010000001000000
 12 000011001100001010110000101101000110110010111101000010000001000000
 12 000011001010001010110000101011000111100011011100100000011000000000
 12 000010111000001010101000110110001010110001111101000000010010000000
 12 000010111000001011100000101011001001110011101100010000010010000000
 12 000010111000001011100000100111001001110011011101000000010010000000
 12 000010111000001011010000100111001001110011011101000000010100000000
 12 000010111000001010110000101011001001110011101101000000010010000000
 12 000010111000001011010000101110001001110010111100001010000001000000
 12 000010111000001011010000100111001001110010111101000010000001000000
 12 000010110010001010110000100111001001110011011101000010000100000000
 12 000010111000001001101000110011001001110011110101000000010010000000
 12 000010111000001001110000110011001001110011011101000000010100000000
 12 000010110100001001110000110011001001110011101101000000010100000000
 12 000010110100001001101000110011001001110011110101000000010100000000
 12 000010100110001001101000110110001011100011011101000001000001000000
 12 000010101100001001110000110011001011010011011101000000010100000000
 12 000010100110001001110000110011001011010011110101000000010100000000
 12 000010111000001001110000110011001011100010111100001000011000000000
 12 000010111000001001011000110101001011100010111100001000101000000000
 12 000101110000001011001000111100000110110000111000111001100000000000
 12 000101110000001011001000111100000101110001011000111001100000000000
 12 000101110000001011100000110011000110110000111001110001010000000000
 12 000101110000001010101000111100000111100000111001011000110000000000
 12 000101110000001010101000111100000110110000111001011001100000000000
 12 000101110000001010011000111100000111010000111001011001100000000000
 12 000101100010001011100000111100000110110000111001110000110000000000
 12 000101110000001011100000110101000101110001011001110000110000000000
 12 000101110000001010101000111100000101110001110001011000110000000000
 12 000101110000001010011000111100000101110001110001101000110000000000
 12 000101110000001010101000111100000101110001011001011001100000000000
 12 000101110000001010011000111100000101110001101001011001100000000000
 12 000101110000001010011000111100000101110001011001101001100000000000
 12 000101100010001010101000111100000111100001110001011000110000000000
 12 000101100010001010110000111100000110110001101001110000110000000000
 12 000101100100001010101000111100000111100001011001011001010000000000
 12 000101100010001010110000111100000110110001011001110001010000000000
 12 000101110000001011001000111100000101110000111000111010100000000000
 12 000101110000001010011000111100000101110000111001101010100000000000
 12 000101110000001010101000110110000101110001011001011011000000000000
 12 000101110000001010011000110110000101110001011001101011000000000000
 12 000101110000001011001000101011000111100010110000111001010000000000
 12 000101110000001011001000101011000101110011100000111001100000000000
 12 000101110000001011001000100111000110110011100000111001100000000000
 12 000101110000001011100000101101000101110010011001110000110000000000
 12 000101110000001011100000101011000101110010011001110001010000000000
 12 000101110000001011100000100111000110110010011001110001010000000000
 12 000101110000001010101000101011000111100010110001011001010000000000
 12 000101110000001010110000101011000111010010011001110001010000000000
 12 000101110000001010011000101011000111100010110001101001010000000000
 12 000101110000001010011000101101000101110011100001011001100000000000
 12 000101110000001010011000100111000111010011100001011001100000000000
 12 000101100010001011100000100111000110110011100001110000110000000000
 12 000101100100001010101000101101000110110011100001110000110000000000
 12 000101110000001011001000101110000101110010011000111011000000000000
 12 000101110000001011001000100111000111100010110000111010010000000000
 12 000101110000001011001000100111000110110010110000111011000000000000
 12 000101110000001010101000101110000110110010011000111011000000000000
 12 000101110000001010011000101101000101110011100000111010100000000000
 12 000101110000001010011000101110000101110010011001101011000000000000
 12 000101110000001010011000101011000101110010110001101011000000000000
 12 000101110000001010110000100111000111010010011001110010010000000000
 12 000101110000001010011000100111000111100010110001101010010000000000
 12 000101110000001010101000100111000110110010110001011011000000000000
 12 000101110000001010011000100111000110110010110001101011000000000000
 12 000101110000001001011000110011000111010011100000111001100000000000
 12 000101110000001000111000111001000111100011100000111000110000000000
 12 000101110000001000111000111001000110110011100000111001100000000000
 12 000101110000001001101000111100000101110010011001011001100000000000
 12 000101110000001001101000110011000111100010110001011001010000000000
 12 000101110000001001101000110011000101110011100001011001100000000000
 12 000101110000001000111000111100000111010010011000111010100000000000
 12 000101110000001000111000111100000110110010011000111011000000000000
 12 000101110000001000111000111010000111010010011000111011000000000000
 12 000101110000001001011000110101000101110011010000111011000000000000
 12 000101110000001000111000111001000101110011010000111011000000000000
 12 000101110000001001101000110110000101110010011001011011000000000000
 12 000101110000001001101000110011000101110010110001011011000000000000
 12 000101001010001011001000111010000111100011100000111000110000000000
 12 000101000110001011001000111100000111100011100000111000110000000000
 12 000101010010001010101000111100000101110011010001011001100000000000
 12 000101001100001010101000111100000110110011100001011000110000000000
 12 000101001100001010101000111010000111010011100001011000110000000000
 12 000101001010001010101000111010000111100011100001011000110000000000
 12 000101001010001010110000111100000110110011001001110000110000000000
 12 000101110000001011100000101101000101110001011010110000110000000000
 12 000101110000001011100000101011000101110001011010110001010000000000
 12 000101110000001011100000100111000110110000111011100000110000000000
 12 000101100010001011100000101110000111010000111011010000110000000000
 12 000101100010001011100000101011000110110000111011100001100000000000
 12 000101100100001011100000100111000110110001011011100001010000000000
 12 000101110000001011100000100111000101110001011010110010010000000000
 12 000101110000001011100000100111000101110000111011010010010000000000
 12 000101100100001011100000100111000110110000111011100010010000000000
 12 000101010010001011100000111100000101110000111011010000110000000000
 12 000101000110001011100000110110000110110001101011100000110000000000
 12 000101110000001011001000101110000110110000111000111101000000000000
 12 000101110000001010011000101110000110110000111001101101000000000000
 12 000101110000001010011000101011000111100000111001101101000000000000
 12 000101110000001011100000100111000101110001011001110100010000000000
 12 000101110000001010101000101110000101110000111001011110000000000000
 12 000101110000001010101000100111000111100000111001011110000000000000
 12 000101110000001001011000111100000101110000111000111110000000000000
 12 000101110000001001011000110110000111010000111000111110000000000000
 12 000101110000001000111000111100000110110000111000111110000000000000
 12 000101100100001001011000111100000111010000111000111110000000000000
 12 000101110000001001011000110110000101110001101000111110000000000000
 12 000101100100001001011000111100000101110001101000111110000000000000
 12 000101101000001000111000111100000110110001011000111110000000000000
 12 000101101000001000111000111010000111010001011000111110000000000000
 12 000101101000001000111000111010000110110001101000111110000000000000
 12 000101100010001001101000110110000111100000111001011110000000000000
 12 000101110000001001011000110110000011110010101000111110000000000000
 12 000101100010001011100000101110000011110000111011010100010000000000
 12 000101100100001011100000101011000011110000111011100100010000000000
 12 000100110100001010101000111100001110010001110000111000110000000000
 12 000100101100001011001000111100001110010001110000111000110000000000
 12 000100110100001010101000111100001100110001110001101000110000000000
 12 000100101100001010101000111100001110010001110001011000110000000000
 12 000100111000001011001000111010001001110011100000111000110000000000
 12 000100111000001010101000111010001001110011100001011000110000000000
 12 000100111000001010110000110011001010110011100001101000110000000000
 12 000100111000001001011000111100001101010011010000111000110000000000
 12 000100111000001001110000111001001100110011100000111000110000000000
 12 000100111000001001011000111100001100110011010000111001010000000000
 12 000100110100001010101000111100001010110001110000111100010000000000
 12 000100111000001010011000111001001011010001110000111100100000000000
 12 000100111000001010101000111100001001110001011001011100100000000000
 12 000100111000001010011000111100001001110001011001101100100000000000
 12 000100101010001010011000111100001010110001110001101100100000000000
 12 000100100110001010011000111100001011010001110001101100100000000000
 12 000100111000001011001000110110001001110001011000111110000000000000
 12 000100111000001011001000110011001001110001110000111110000000000000
 12 000100111000001010101000110011001010110001110000111110000000000000
 12 000100101100001011001000110101001010110001110000111110000000000000
 12 000100111000001010101000110011001001110001110001011110000000000000
 12 000100111000001010011000110011001001110001110001101110000000000000
 12 000100101100001010101000111001001001110001110001011110000000000000
 12 000100101010001010101000110110001011100001011001011110000000000000
 12 000100101100001010101000110101001010110001110001011110000000000000
 12 000100101100001010101000110011001011010001110001011110000000000000
 12 000100101100001010011000110101001011010001110001011110000000000000
 12 000100100110001010101000110110001011100001101001011110000000000000
 12 000100111000001001011000111001001101010001110000111100100000000000
 12 000100101100001000111000111001001110010001110000111110000000000000
 12 000100111000001010101000101011001010110011100000111100100000000000
 12 000100111000001010011000101101001010110011100000111100100000000000
 12 000100111000001011100000101011001001110010110001011100010000000000
 12 000100111000001011100000100111001001110011010001011100010000000000
 12 000100111000001011001000100111001001110011010001110100010000000000
 12 000100111000001010101000101011001001110011100001011100100000000000
 12 000100111000001010110000101011001001110011010001101100010000000000
 12 000100111000001010110000101011001001110011001001110100010000000000
 12 000100111000001010101000101011001001110011010001110100010000000000
 12 000100111000001010011000101011001001110011100001110100010000000000
 12 000100111000001011001000100111001001110011010000111110000000000000
 12 000100111000001011100000100111001001110010011001011110000000000000
 12 000100111000001011001000100111001001110010110001011110000000000000
 12 000100110100001011100000100111001001110010101001011110000000000000
 12 000100111000001010101000100111001001110011010001011110000000000000
 12 000100111000001010011000100111001001110011100001011110000000000000
 12 000100110100001001101000111100001010110010110000111100010000000000
 12 000100110100001001011000111100001011010010110000111100010000000000
 12 000100111000001001011000111100001001110011010000111100010000000000
 12 000100111000001001011000110110001010110011100000111100010000000000
 12 000100111000001001011000110011001011100011100000111100010000000000
 12 000100111000001000111000111001001010110011100000111100100000000000
 12 000100111000001001011000110011001001110011100000111110000000000000
 12 000100111000001000111000111001001001110011010000111110000000000000
 12 000100111000001000111000110101001010110011010000111110000000000000
 12 000100111000001000111000110011001010110011100000111110000000000000
 12 000101110000001011001000011110000111100100101000111000110000000000
 12 000101110000001011100000011101000101110100011001110000110000000000
 12 000101110000001010101000011110000111100100101001011000110000000000
 12 000101110000001010011000011110000111100100101001011001010000000000
 12 000101100010001011100000011110000111100100101001011000110000000000
 12 000101110000001010101000010111000011110111000001011001100000000000
 12 000101110000001010011000010111000011110110100001101010100000000000
 12 000101110000001001011000011110000111100110001000111001010000000000
 12 000101110000001000111000011110000111100110001000111010010000000000
 12 000101110000001011100000010111000011110100101011010000110000000000
 12 000101010100001011100000011011000101110100101011100000110000000000
 12 000101001100001011100000011101000111010100011011010000110000000000
 12 000101110000001110010000101110000110110001101000111001000001000000
 12 000101110000001110001000101011000111010001110000111001000010000000
 12 000101101000001111000000101101000111100001011000111000100001000000
 12 000101110000001110001000101110000101110001110001011001000001000000
 12 000101110000001110001000101110000111100000111000111010000001000000
 12 000101100010001111000000101110000101110001110000111010000001000000
 12 000101101000001111000000100111000111100001011000111010000001000000
 12 000101101000001111000000100111000110110001110000111010000001000000
 12 000101011000001111000000101110000111010010011000111000100001000000
 12 000101011000001111000000101110000110110010101000111000100001000000
 12 000101011000001111000000101110000101110011001000111000100001000000
 12 000101011000001111000000101110000101110010011001110000010001000000
 12 000101011000001111000000101110000101110010011001101000100001000000
 12 000101011000001111000000101101000101110010011001110000100001000000
 12 000101011000001111000000101110000101110010011001011001000001000000
 12 000101011000001111000000101011000101110010011001110001000001000000
 12 000101010100001111000000101110000101110010011001101001000001000000
 12 000101001010001111000000101011000111010010011001110001000010000000
 12 000101011000001110001000101110000101110011100001011000100001000000
 12 000101011000001110010000101011000101110011100001101000100001000000
 12 000101011000001110010000101110000111010010011000111010000001000000
 12 000101011000001110001000101110000111100010011000111010000001000000
 12 000101011000001110010000101110000110110010101000111010000001000000
 12 000101010100001110001000101101000110110010110000111010000100000000
 12 000101011000001110010000101110000101110011001000111010000001000000
 12 000101011000001110001000101011000101110011100000111010000010000000
 12 000101011000001110001000100111000110110011100000111010000010000000
 12 000101011000001110100000101110000101110010011001011010000001000000
 12 000101011000001110001000101101000101110010110001011010000010000000
 12 000101011000001110100000100111000111010010011001011010000010000000
 12 000101011000001110001000100111000111100010011001110010000001000000
 12 000101000110001111000000100111000111100010101001011010000100000000
 12 000101001010001111000000100111000110110010011001110010000100000000
 12 000101000110001111000000100111000111010010011001110010000100000000
 12 000101000110001111000000100111000110110010101001110010000100000000
 12 000101011000001110001000100111000101110011100001011010000010000000
 12 000101001100001110001000101101000101110011100001011010000010000000
 12 000101001100001110001000100111000111010011100001011010000010000000
 12 000101000110001110100000100111000111100011100001011010000001000000
 12 000101001100001110001000100111000110110011100001110010000001000000
 12 000101011000001100011000101110000111010011100010011000100001000000
 12 000101011000001100011000101101000111010011100010011000100010000000
 12 000101011000001101100000100111000111100010011010011010000001000000
 12 000101011000001101001000100111000111010010110010011010000010000000
 12 000101010100001101100000100111000111100010101010011010000001000000
 12 000101011000001101100000100111000101110011010010011010000001000000
 12 000101000110001101100000100111000111100011100010011010000001000000
 12 000101110000001011001000111100001011100000111000111000100001000000
 12 000101110000001011010000111100001001110001011000111000010100000000
 12 000101110000001011100000110011001001110001011001110000010100000000
 12 000101110000001010101000111010001001110001110001011000010100000000
 12 000101110000001010101000110110001010110001110001011001000001000000
 12 000101110000001010110000110011001010110001101001110000010100000000
 12 000101110000001010011000111001001001110001110000111010000100000000
 12 000101100100001011001000111001001001110001110000111010000100000000
 12 000101101000001011001000110110001011100001011000111010000001000000
 12 000101100100001011001000110101001010110001110000111010000100000000
 12 000101100100001011001000110011001011010001110000111010000100000000
 12 000101110000001011100000110011001001110000111001110010000001000000
 12 000101110000001011010000110011001001110000111001101010000100000000
 12 000101110000001010011000111100001001110000111001101010000010000000
 12 000101100010001011100000111100001001110000111001011010000010000000
 12 000101100010001011010000111100001001110000111001110010000001000000
 12 000101110000001010011000110101001011100000111001110010000001000000
 12 000101100010001010011000111100001011100000111001110010000001000000
 12 000101100010001010011000111010001011100000111001101010000100000000
 12 000101110000001010011000110101001001110001110001110010000001000000
 12 000101110000001010101000110011001001110001110001011010000100000000
 12 000101110000001010011000110101001001110001110001011010000100000000
 12 000101110000001010011000110011001001110001110001101010000100000000
 12 000101100010001010101000111100001001110001110001011010000010000000
 12 000101100100001010101000111001001001110001110001011010000100000000
 12 000101100100001010011000111001001001110001110001101010000100000000
 12 000101100100001010101000110011001011010001110001011010000100000000
 12 000101100100001010011000110101001010110001110001101010000100000000
 12 000101110000001011100000111010001001110000111000111000011000000000
 12 000101110000001011001000110110001010110000111000111001001000000000
 12 000101100010001011100000111100001010110000111000111000101000000000
 12 000101101000001010101000111100001010110001011000111000101000000000
 12 000101101000001010011000111001001011010001110000111000101000000000
 12 000101100100001010011000111001001011100001101000111001001000000000
 12 000101100010001010011000111010001011100001101000111001001000000000
 12 000101100010001011100000110110001011010000111001011000101000000000
 12 000101100100001010110000111100001010110000111001101000011000000000
 12 000101100010001010011000111010001011100000111001101001001000000000
 12 000101101000001010110000110101001010110001011001110000011000000000
 12 000101101000001010110000110011001011010001011001110000011000000000
 12 000101101000001010110000110011001010110001101001110000011000000000
 12 000101110000001001011000111001001101010001110000111001000010000000
 12 000101100100001001011000111100001111000001101000111000100001000000
 12 000101110000001001110000110011001100110001101001110001000001000000
 12 000101110000001000111000111100001110100000111000111010000001000000
 12 000101100010001001011000111100001110100000111000111010000100000000
 12 000101100010001001101000111010001101100001011000111010000100000000
 12 000101100010001001011000111010001101100001101000111010000100000000
 12 000101100010001000111000111100001110100001011000111010000100000000
 12 000101011000001011010000111100001110100000111000111000010001000000
 12 000101011000001011001000111100001101010001011000111000100010000000
 12 000101000110001010011000111100001111000001101001110000100001000000
 12 000101010010001010011000111100001111000000111000111010000010000000
 12 000101100100001011100000101011001001110011100001101000010010000000
 12 000101110000001011100000100111001001110010101001011010000010000000
 12 000101110000001011100000100111001001110010011001110010000001000000
 12 000101110000001010101000100111001001110011010001011010000100000000
 12 000101110000001010011000100111001001110011100001011010000100000000
 12 000101110000001010011000100111001001110011010001101010000100000000
 12 000101101000001010101000101011001010110011100000111000101000000000
 12 000101101000001010011000101101001010110011100000111000101000000000
 12 000101110000001010011000101011001001110010110001101001001000000000
 12 000101110000001010110000100111001001110011001001110000011000000000
 12 000101101000001010110000101011001001110011001001110000011000000000
 12 000101011000001011001000110110001010110011100000111000100001000000
 12 000101011000001011001000110110001010110011100000111000010010000000
 12 000101011000001010110000111100001011100010011001011000010001000000
 12 000101011000001010101000111100001011100010011001011000100001000000
 12 000101011000001010110000111100001010110010011001110000010001000000
 12 000101011000001010101000110110001010110011100001011000100001000000
 12 000101011000001010101000110110001010110011100001011000010010000000
 12 000101011000001010011000110011001011100011100001110000010001000000
 12 000101000110001010110000111100001011100011100001011000010001000000
 12 000101011000001011010000111100001001110010011000111010000001000000
 12 000101011000001011001000111010001001110010110000111010000001000000
 12 000101011000001010011000111100001001110011010000111010000001000000
 12 000101011000001011001000110011001001110010110001110010000001000000
 12 000101011000001010101000111010001001110010110001011010000001000000
 12 000101010010001010101000111100001001110010110001011010000010000000
 12 000101010100001010011000111100001001110010101001110010000001000000
 12 000101001010001011100000111100001001110010011001011010000010000000
 12 000101001010001011001000111100001001110010011001110010000010000000
 12 000101010100001010011000110011001011010010110001101010000100000000
 12 000101001100001010101000111100001011100010011001011010000001000000
 12 000101001100001010011000111100001011100010101001011010000001000000
 12 000101001100001010011000111100001011100010011001101010000001000000
 12 000101001010001010101000111010001011100010011001011010000100000000
 12 000101000110001010101000111010001011100010101001011010000100000000
 12 000101001010001010011000111010001011100010011001101010000100000000
 12 000101001100001010011000111100001001110011001001101010000010000000
 12 000101000110001010011000111100001001110011100001110010000001000000
 12 000101001010001011100000111100001010110010011000111000101000000000
 12 000101001010001011001000111010001011100010011000111001001000000000
 12 000101000110001011100000111010001001110011100000111000011000000000
 12 000101001010001011100000110110001011010010011001011000101000000000
 12 000101001010001011100000110110001010110010011001110000011000000000
 12 000101001010001011100000110011001010110010110001110000011000000000
 12 000101001100001010101000111100001010110010101001011000101000000000
 12 000101001010001010110000111100001010110010011001101000101000000000
 12 000101000110001010110000111100001011010010011001110000011000000000
 12 000101001100001010011000111100001010110010101001101000101000000000
 12 000101001010001010011000111100001010110010110001101000101000000000
 12 000101000110001010110000111100001010110010101001110000011000000000
 12 000101001010001010101000111010001011100010011001011001001000000000
 12 000101000110001010101000111010001011100010101001011001001000000000
 12 000101001010001010011000111010001011100010011001101001001000000000
 12 000101000110001010101000111010001011100010011001101001001000000000
 12 000101000110001010011000111010001011100010101001101001001000000000
 12 000101001100001011100000110011001001110011001001110000011000000000
 12 000101001100001010011000110101001011010011100001011000101000000000
 12 000101001010001010110000110011001010110011100001110000011000000000
 12 000101011000001001011000111010001101010011100000111000100001000000
 12 000101011000001001011000111001001101010011100000111000100010000000
 12 000101011000001001101000111100001100110010011000111010000010000000
 12 000101011000001001011000111100001100110010110000111010000001000000
 12 000101011000001001011000111010001101010010110000111010000001000000
 12 000101011000001001011000111001001101010010110000111010000010000000
 12 000101010100001001011000111001001101100010101000111010000100000000
 12 000101010010001001011000111010001101100010101000111010000100000000
 12 000101011000001000111000111100001110100010011000111010000001000000
 12 000101010100001000111000111001001110010010110000111010000100000000
 12 000101000110001001011000111100001111000010101000111010000010000000
 12 000101001010001001011000111100001110100010011000111010000100000000
 12 000101000110001001011000111100001111000010011000111010000100000000
 12 000101000110001001011000111100001110100010101000111010000100000000
 12 000101001100001001101000111100001101100010011001011010000001000000
 12 000101001010001001101000111010001101100010011001011010000100000000
 12 000101000110001001101000111010001101100010101001011010000100000000
 12 000101000110001001101000111010001101100010011001101010000100000000
 12 000101100010001011100000101011001001110001110011100000010010000000
 12 000101110000001011100000101110001001110000111010011010000001000000
 12 000101110000001011100000100111001001110001110010011010000001000000
 12 000101100010001011100000101110001001110000111011010010000001000000
 12 000101100010001011100000101110001001110001011010110000011000000000
 12 000101001010001011100000110011001010110001110011100000010010000000
 12 000101011000001011001000110011001001110001110010110010000001000000
 12 000101001010001011001000111100001001110001011010110010000010000000
 12 000101000110001011001000111100001001110001101010110010000010000000
 12 000101011000001010110000110101001010110001110010011010000001000000
 12 000101011000001010110000110011001011010001110010011010000001000000
 12 000101011000001010110000110011001010110001110010101010000001000000
 12 000101001100001010011000111100001011100001101010011010000001000000
 12 000101001100001010011000111100001011010001110010011010000001000000
 12 000101001100001011100000110101001010110000111011010000011000000000
 12 000101011000001010011000101110001011010011100010011000100001000000
 12 000101010100001011100000101011001001110010101011100000010010000000
 12 000101001010001011100000101110001010110010011011100000010010000000
 12 000101000110001011100000101110001010110010101011100000010010000000
 12 000101011000001011010000101110001001110010101010011010000001000000
 12 000101011000001011001000101110001001110010110010011010000001000000
 12 000101001100001010011000101101001011010011100010011010000010000000
 12 000101001010001011100000101110001010110010011010110000011000000000
 12 000101000110001011100000101110001011010010011010110000011000000000
 12 000101000110001011100000100111001001110011001011100000101000000000
 12 000101110000001110010000011011000011110101100000111001000001000000
 12 000101110000001110001000010111000011110101100001110000100001000000
 12 000101100100001111000000010111000011110101100001011001000001000000
 12 000101110000001110100000011011000011110100110000111010000001000000
 12 000101101000001111000000010111000011110101010000111000011000000000
 12 000101110000001110010000001111000011110101100010011001000001000000
 12 000101110000001101100000010111000011110101010010011001000001000000
 12 000101110000001101001000010111000011110101100010011001000010000000
 12 000101110000001100011000011101000011110101100010011001000010000000
 12 000101110000001100011000011110000011110100101011100000010010000000
 12 000101110000001100110000010111000011110101100011001000100001000000
 12 000101110000001100011000010111000011110101100011001001000010000000
 12 000101101000001100011000011011000011110101100010101000101000000000
 12 000101110000001010011000110011000011110101100001101001000010000000
 12 000101110000001010110000110011000011110101001001110000010100000000
 12 000101110000001010101000101110000111100100011000111010000001000000
 12 000101110000001010011000101101000110110100110000111010000100000000
 12 000101110000001011100000100111000101110101010000111010000001000000
 12 000101110000001010011000100111000111100101100000111010000001000000
 12 000101110000001010011000100111000111010101010000111010000100000000
 12 000101110000001010011000100111000110110101100000111010000100000000
 12 000101100100001011001000100111000111100101100000111010000001000000
 12 000101100010001010011000101110000111100101100000111010000001000000
 12 000101110000001010011000101110000101110100101001110010000001000000
 12 000101110000001010101000100111000110110100110001011010000100000000
 12 000101110000001010011000100111000111010100110001011010000100000000
 12 000101110000001010011000100111000110110100110001101010000100000000
 12 000101110000001010011000100111000101110101010001101010000100000000
 12 000101101000001010101000101011000101110101100001011010000010000000
 12 000101100100001010101000100111000111100101100001011010000001000000
 12 000101110000001011001000101011000101110100110000111001001000000000
 12 000101110000001011001000100111000101110101010000111001001000000000
 12 000101110000001010011000101011000101110101100000111001001000000000
 12 000101101000001011001000100111000110110101100000111000101000000000
 12 000101110000001010110000101011000101110100101001110000011000000000
 12 000101110000001010101000101011000101110100110001011001001000000000
 12 000101110000001010110000101011000101110100011001101001001000000000
 12 000101110000001010011000101011000101110100110001101001001000000000
 12 000101110000001010110000100111000111010100011001110000011000000000
 12 000101100100001011100000100111000111100100011001101000011000000000
 12 000101100100001011100000100111000111010100011001110000011000000000
 12 000101101000001010110000101101000110110100011001110000011000000000
 12 000101110000001010101000100111000101110101010001011001001000000000
 12 000101110000001010011000100111000101110101010001101001001000000000
 12 000101110000001000111000111100000110110100110000111010000001000000
 12 000101100100001001101000111100000110110100110000111010000001000000
 12 000101100100001001011000111100000111010100110000111010000001000000
 12 000101100010001001011000111100000111010100110000111010000010000000
 12 000101110000001001110000110011000101110101100000111010000001000000
 12 000101110000001000111000111001000101110101010000111010000100000000
 12 000101110000001000111000110101000110110101010000111010000100000000
 12 000101110000001000111000110011000110110101100000111010000100000000
 12 000101101000001001101000110011000110110101100000111010000010000000
 12 000101101000001001110000110011000101110101001001110010000001000000
 12 000101110000001000111000111001000110110100110000111001001000000000
 12 000101100100001001011000111100000111100100101000111000011000000000
 12 000101100010001001101000111010000111100100011000111001001000000000
 12 000101110000001000111000111001000101110101010000111001001000000000
 12 000101110000001000111000110011000111100101100000111000011000000000
 12 000101110000001000111000110011000111010101010000111001001000000000
 12 000101110000001001101000110011000101110100110001011001001000000000
 12 000101110000001001110000110011000101110100011001101001001000000000
 12 000101101000001001110000110101000110110100011001110000011000000000
 12 000101101000001001110000110011000110110100101001110000011000000000
 12 000101110000001001011000101110000101110111000000111001000001000000
 12 000101110000001001011000101101000101110111000000111000100100000000
 12 000101110000001000111000101101000110110111000000111001000010000000
 12 000101110000001000111000101011000111010111000000111001000010000000
 12 000101110000001000111000101011000110110111000000111001000100000000
 12 000101110000001001011000100111000111010110100000111010000010000000
 12 000101110000001001011000100111000110110110100000111010000100000000
 12 000101011000001011001000100111000101110101010010110010000001000000
 12 000101011000001010101000101110000101110101010010011010000001000000
 12 000101011000001010110000101011000101110101100010011010000001000000
 12 000101011000001010011000101110000101110101100010011010000001000000
 12 000101011000001010101000100111000111100101010010011010000001000000
 12 000101011000001010110000100111000110110101100010011010000001000000
 12 000101011000001010110000100111000110110101010010101010000001000000
 12 000110110000001101001000111100000111100000111000101000110010000000
 12 000110110000001101100000110101000110110001110000110000110001000000
 12 000110110000001101100000110011000111010001110000110000110001000000
 12 000110110000001100101000111010000111100001011000101000110100000000
 12 000110110000001100011000111001000111100001110000101000110100000000
 12 000110110000001101100000111010000101110000111001100000110001000000
 12 000110110000001101100000110011000111100000111001100000110001000000
 12 000110110000001101010000110011000111010000111001100001100001000000
 12 000110110000001101010000110101000110110000111001100000110100000000
 12 000110110000001100101000111010000111100000111001100000110001000000
 12 000110110000001100110000111001000110110000111001100000110100000000
 12 000110110000001101100000110011000101110001110001100000110001000000
 12 000110110000001101100000110011000101110001101001010001100001000000
 12 000110110000001101010000110011000101110001101001100001100001000000
 12 000110110000001100110000111001000101110001110001100000110001000000
 12 000110110000001100011000110101000111100001110001100000110001000000
 12 000110110000001100110000110011000110110001101001100001100001000000
 12 000110100010001101100000110101000111100001011001100000110010000000
 12 000110100100001101100000110101000110110001110001100000110001000000
 12 000110100010001101100000110011000111100001110001100000110001000000
 12 000110100010001101100000110011000111100001011001100001100001000000
 12 000110110000001101100000110110000110110000111000011010010100000000
 12 000110100010001101100000111100000110110000111000110010100001000000
 12 000110100010001101010000111100000110110000111000110011000001000000
 12 000110100010001101100000111100000101110001110000011010100001000000
 12 000110100010001101100000111100000101110001101000011010100010000000
 12 000110100010001101100000111100000101110001011000110010100001000000
 12 000110100100001101100000111001000101110001011000110011000001000000
 12 000110100010001101100000111010000101110001011000110011000001000000
 12 000110100010001101010000111100000101110001011000110011000001000000
 12 000110110000001100110000110101000110110001011000110011000001000000
 12 000110110000001100101000110011000111100001110000011010010100000000
 12 000110110000001100101000110011000111100001011000110010010100000000
 12 000110110000001100101000110011000110110001110000110010010100000000
 12 000110110000001100011000110101000110110001110000110010010100000000
 12 000110110000001100011000110011000111100001110000101010010100000000
 12 000110110000001100011000110011000111010001110000110010010100000000
 12 000110100010001101100000110110000110110001110000011011000001000000
 12 000110100010001101100000110110000110110001101000011011000010000000
 12 000110100010001101100000110011000111100001110000011011000001000000
 12 000110100100001101100000110101000110110001011000110011000001000000
 12 000110110000001100110000111001000101110000111001010011000001000000
 12 000110100010001101100000111100000101110000111001001010100010000000
 12 000110110000001100110000110011000111010000111001010011000001000000
 12 000110110000001100101000110011000111100000111001010011000001000000
 12 000110110000001100110000110011000101110001101001100010100001000000
 12 000110110000001100101000110011000101110001110001100010100001000000
 12 000110110000001100011000110101000101110001110001100010010010000000
 12 000110110000001100101000110011000101110001110001010011000001000000
 12 000110110000001100110000110011000101110001011001100011000001000000
 12 000110110000001100011000110011000101110001110001100011000001000000
 12 000110110000001101100000111010000101110000111000011001011000000000
 12 000110110000001101100000110011000101110000111001010001011000000000
 12 000110110000001100101000111100000101110000111001010000111000000000
 12 000110110000001100110000111001000101110000111001100000111000000000
 12 000110100100001101100000111001000011110010110001100000110001000000
 12 000110010010001101100000110110000110110011100000011001100001000000
 12 000110011000001101001000110011000110110011100000110001100001000000
 12 000110010010001100110000111100000110110011100000011001100001000000
 12 000110010010001100011000111100000111100011100000011001010010000000
 12 000110000110001101001000111100000111100011100000101000110010000000
 12 000110011000001101100000111010000101110010011001010001010001000000
 12 000110011000001101010000110101000110110010110001100000110001000000
 12 000110010100001101100000110011000111010010110001100000110001000000
 12 000110011000001101001000110011000110110010110001100001100001000000
 12 000110011000001101001000110011000110110010110001100001010010000000
 12 000110010100001100011000111100000111100010101001100000110001000000
 12 000110010010001100011000111100000111100010110001100000110001000000
 12 000110011000001100011000111010000110110010110001100001010001000000
 12 000110011000001100011000111001000110110010110001100001010010000000
 12 000110001100001101001000111100000110110010110001100000110001000000
 12 000110011000001101001000110011000101110011010001100001010010000000
 12 000110011000001100011000111001000101110011010001100001010010000000
 12 000110010100001100011000111010000101110011100001100001010001000000
 12 000110010100001100011000111001000101110011100001100001010010000000
 12 000110011000001100101000110011000111100011100001010000110001000000
 12 000110011000001100101000110011000111100011100001001000110010000000
 12 000110011000001100101000110011000110110011010001100001010010000000
 12 000110011000001100011000110101000110110011010001100001010010000000
 12 000110011000001100011000110011000111100011010001100001010001000000
 12 000110011000001100011000110011000111010011010001100001010010000000
 12 000110011000001100011000110011000110110011100001100001100001000000
 12 000110011000001101100000111010000101110010011000101010100001000000
 12 000110010100001101100000111100000101110010011000101010100001000000
 12 000110011000001101010000111010000101110010011000101011000001000000
 12 000110010010001100011000111100000110110010110000101011000010000000
 12 000110011000001100011000111010000101110011100000101000111000000000
 12 000110010100001100011000111100000101110011100000101000111000000000
 12 000110010100001100011000111100000101110011100000011001011000000000
 12 000110001100001101001000111010000101110011100000011001011000000000
 12 000110101000001101100000110011000011110001011011000001100001000000
 12 000110001010001111000000110110000011110001011010010011000001000000
 12 000110001010001111000000110110000011110001011010001011000010000000
 12 000110001010001110010000111100000011110001011010010011000001000000
 12 000110110000001011100000111001001001110000111001100000110010000000
 12 000110110000001011100000110011001011100000111001100000110001000000
 12 000110110000001010110000110011001011010001110001100000110001000000
 12 000110110000001010110000110101001010110001011001100001010010000000
 12 000110100010001011100000110011001011100001110001100000110001000000
 12 000110100010001011100000110110001010110001011001100001010010000000
 12 000110110000001010110000111001001001110000111001010010010100000000
 12 000110110000001010011000110101001011100000111001100010100001000000
 12 000110110000001010110000110011001011010000111001010010010100000000
 12 000110110000001011100000111001001001110000111000110000111000000000
 12 000110110000001011010000111100001001110000111000101000111000000000
 12 000110110000001011100000110011001010110000111000110001011000000000
 12 000110110000001010110000111001001001110000111001100000111000000000
 12 000110110000001010110000110110001011010000111001001000111000000000
 12 000110110000001010110000110011001011010000111001100000111000000000
 12 000110101000001011010000110011001011010000111001100000111000000000
 12 000110101000001011100000110101001001110001011001010000111000000000
 12 000110101000001011100000110011001001110001101001010000111000000000
 12 000110101000001011010000110101001001110001011001100000111000000000
 12 000110100100001011100000110011001001110001101001100000111000000000
 12 000110101000001010110000110011001011010001011001100000111000000000
 12 000110101000001011100000110011001001110000111001010010011000000000
 12 000110100010001011100000110011001001110000111001100010101000000000
 12 000110101000001010101000110011001001110001110001010010011000000000
 12 000110110000001001011000111100001110010000111000101001100010000000
 12 000110100010001001110000111100001110100000111001100000110001000000
 12 000110110000001001110000110101001100110001110001100000110001000000
 12 000110100010001001110000111100001100110001011001100001100001000000
 12 000110100010001001011000111100001101100001011001100001100001000000
 12 000110100100001000111000111100001111000001110001001000110001000000
 12 000110110000001001101000111010001101100000111000011010010100000000
 12 000110110000001001101000111010001100110000111000011011000100000000
 12 000110110000001001110000110011001100110001110000101011000001000000
 12 000110100010001001110000111100001100110001011000110011000001000000
 12 000110100010001001110000111100001100110001011000101011000010000000
 12 000110100100001001011000111100001100110001110000101011000001000000
 12 000110110000001000111000111010001100110000111001001011000100000000
 12 000110100010001000111000111100001111000000111001010010100001000000
 12 000110110000001001110000111100001101010000111000011000111000000000
 12 000110110000001001011000111100001101100000111000101000111000000000
 12 000110110000001001011000111100001100110000111000101001101000000000
 12 000110100010001001110000111100001101010000111001010000111000000000
 12 000110100010001001110000111100001100110000111001010001011000000000
 12 000110100100001000111000111100001100110001110001001001011000000000
 12 000110100010001000111000111100001100110000111001010011001000000000
 12 000110010010001011100000111100001101100001011000011001100001000000
 12 000110011000001011100000110101001100110001110001010000110001000000
 12 000110011000001011010000110011001100110001110001100001010001000000
 12 000110010010001010011000111100001101100001011001100001100001000000
 12 000110011000001010011000111100001101010001011000101010100010000000
 12 000110001100001011001000111100001100110001011000110011000001000000
 12 000110001100001010011000111100001111000001011000011011000001000000
 12 000110001100001010011000111100001110010001110000011011000001000000
 12 000110000110001010101000111100001110100001110000011011000001000000
 12 000110000110001010011000111100001111000001011000110011000001000000
 12 000110001010001010011000111100001111000000111001010010100001000000
 12 000110000110001010101000111100001111000000111001010010100001000000
 12 000110001100001011100000110110001100110001011001001011000001000000
 12 000110001100001010110000111100001100110001011001001011000001000000
 12 000110010100001010011000111100001111000000111000101000111000000000
 12 000110000110001011010000111100001111000000111000101000111000000000
 12 000110000110001011100000111100001110100000111000011001011000000000
 12 000110010100001011100000110011001100110001101000110001011000000000
 12 000110010100001010101000111100001101010001110000011000111000000000
 12 000110010100001010101000111100001100110001110000101000111000000000
 12 000110010100001010011000111100001101010001110000101000111000000000
 12 000110010100001010101000111100001100110001110000011001011000000000
 12 000110010100001010011000111100001100110001110000101001011000000000
 12 000110010100001010011000111100001100110001101000101001101000000000
 12 000110001010001011010000111100001101010001110000011000111000000000
 12 000110001010001011100000111001001100110001011000110001101000000000
 12 000110000110001011010000111100001100110000111001100001011000000000
 12 000110000110001011100000110101001100110001110001100000111000000000
 12 000110001100001010011000111100001100110001101001001001101000000000
 12 000110010100001011100000110011001100110000111000101011001000000000
 12 000110010100001010101000111100001100110000111000011011001000000000
 12 000110010100001010011000111100001100110000111000101011001000000000
 12 000110000110001011100000111100001101010000111000011010101000000000
 12 000110000110001011100000111100001100110000111000101010101000000000
 12 000110000110001011100000111010001100110000111000101011001000000000
 12 000110000110001010101000111100001110100000111000011011001000000000
 12 000110001010001011100000110011001100110001011000110011001000000000
 12 000110001100001010101000111100001100110001011000011011001000000000
 12 000110000110001010101000111100001100110001110000011011001000000000
 12 000110000110001010101000111100001100110001011000110011001000000000
 12 000110000110001010011000111100001100110001110000101011001000000000
 12 000110000110001010011000111010001101010001110000101011001000000000
 12 000110100100001011100000101011001010110010110001100001010001000000
 12 000110110000001011100000100111001001110011100000011010010010000000
 12 000110110000001011100000100111001001110011010000011010010100000000
 12 000110110000001011010000100111001001110011100000011010010100000000
 12 000110110000001011100000100111001001110010110001001010010010000000
 12 000110110000001011001000100111001001110010110001100010010010000000
 12 000110110000001011100000100111001001110010011001010010010100000000
 12 000110110000001011010000100111001001110010011001100010010100000000
 12 000110110000001011100000101101001001110010110000011000111000000000
 12 000110110000001011100000101101001001110010011000110000111000000000
 12 000110110000001011100000101011001001110010101000110000111000000000
 12 000110110000001011100000101011001001110010011000110001011000000000
 12 000110110000001010110000101011001010110010101000110001011000000000
 12 000110011000001011100000111001001011100010011000011001100001000000
 12 000110011000001011001000110110001010110011100000011001010010000000
 12 000110010010001011100000110011001011100011100000011001100001000000
 12 000110010100001011100000110011001010110011100000110001010001000000
 12 000110010010001011100000110011001010110011100000110001100001000000
 12 000110011000001011100000111010001001110010011001010001010001000000
 12 000110011000001011100000111001001001110010011001010001010010000000
 12 000110011000001011100000110011001011100010101001010000110001000000
 12 000110011000001011010000110101001011100010011001100000110001000000
 12 000110011000001011010000110101001010110010110001100000110001000000
 12 000110011000001011100000110011001011100010011001010001010001000000
 12 000110011000001011100000110011001010110010011001100001100001000000
 12 000110011000001011010000110101001010110010011001100001010010000000
 12 000110010100001011100000110110001010110010011001100001010001000000
 12 000110011000001011010000110011001011010010011001100001010010000000
 12 000110010010001011100000110011001011100010011001100001100001000000
 12 000110011000001011010000110011001010110010110001100001010001000000
 12 000110011000001011010000110011001010110010101001100001010010000000
 12 000110011000001011001000110011001010110010110001100001010010000000
 12 000110011000001010110000111100001010110010011001001001100001000000
 12 000110011000001010110000111010001010110010011001100001010001000000
 12 000110011000001011010000110011001001110011001001100001010010000000
 12 000110011000001011100000111001001001110010011000110010010010000000
 12 000110001100001011100000111100001010110010011000110010010001000000
 12 000110000110001011100000110110001011100011100000011010010001000000
 12 000110010010001011100000110101001001110010011001100010100010000000
 12 000110010010001011100000110110001011010010110000011000111000000000
 12 000110010100001011100000110011001010110010101000110001011000000000
 12 000110010010001011100000110011001010110010110000110001011000000000
 12 000110011000001010101000111100001011100010011000011000111000000000
 12 000110010010001010110000111100001011010010110000011000111000000000
 12 000110010010001010101000111100001010110010011000110001101000000000
 12 000110010100001010011000111100001010110010110000101001011000000000
 12 000110010010001010011000111100001010110010110000101001101000000000
 12 000110011000001011100000110101001001110011010000011000111000000000
 12 000110011000001011010000110011001001110011100000101000111000000000
 12 000110010100001010101000111100001001110011100000011000111000000000
 12 000110010100001010011000111100001001110011100000101000111000000000
 12 000110001010001011100000111100001001110011010000011000111000000000
 12 000110001010001011010000111100001001110011100000011000111000000000
 12 000110000110001011100000111010001001110011100000011001011000000000
 12 000110011000001010101000110011001010110011100000110000111000000000
 12 000110011000001010011000110011001011100011100000101000111000000000
 12 000110010010001010110000110110001010110011100000011001011000000000
 12 000110011000001010110000110011001010110011001000110001011000000000
 12 000110011000001010101000110011001010110011010000110001011000000000
 12 000110010100001010101000110011001010110011100000110001011000000000
 12 000110010100001010011000110101001010110011100000101001101000000000
 12 000110010100001010011000110011001011010011100000101001101000000000
 12 000110001100001011001000110110001010110011100000011001011000000000
 12 000110000110001011100000110110001010110011100000011001011000000000
 12 000110001100001011100000110011001010110011001000110001011000000000
 12 000110010100001011100000110011001001110010101000110010011000000000
 12 000110011000001010110000111001001001110010011000110010011000000000
 12 000110011000001010011000111100001001110010011000101010101000000000
 12 000110000110001011100000111100001001110010011000101010101000000000
 12 000110000110001011100000111010001001110010011000101011001000000000
 12 000110011000001010101000110011001010110010110000110010011000000000
 12 000110001100001011100000110011001010110010101000110010011000000000
 12 000110000110001010101000111100001011100010101000011010101000000000
 12 000110000110001010101000111010001011100010101000011011001000000000
 12 000110010100001010101000110011001001110011100000110010011000000000
 12 000110001100001011100000110011001001110011100000011010011000000000
 12 000110011000001010101000110011001001110010110001010010011000000000
 12 000110110000001001011000111100001010110000111010100001010010000000
 12 000110110000001001110000110011001011010001110010100000110001000000
 12 000110110000001001110000110011001011010001011010100001010010000000
 12 000110110000001001110000111001001001110000111010010010010100000000
 12 000110110000001001110000110011001011010000111010010010010100000000
 12 000110110000001001110000110011001001110001110010100010010001000000
 12 000110110000001001110000110011001001110001101010100010010010000000
 12 000110110000001001110000110011001001110001110010001011000001000000
 12 000110110000001001110000110011001001110001110010001010010100000000
 12 000110000110001011100000110101001011100001011001100100100001000000
 12 000110001100001011100000110011001010110001101001100100010010000000
 12 000110000110001011100000110011001011100001110001100100010001000000
 12 000110010010001011100000111100001001110000111000011110000010000000
 12 000110010010001011100000111010001001110000111000011110000100000000
 12 000110010100001010101000111100001001110001110000011110000001000000
 12 000110011000001010011000111100001001110001011000101110000010000000
 12 000110010010001010011000111100001001110001110000101110000010000000
 12 000110010010001010110000111010001001110001101000011110000100000000
 12 000110001010001010110000111100001010110001101000011110000010000000
 12 000110001010001010011000111100001011100001110000011110000001000000
 12 000110001010001010110000111100001010110001011000011110000100000000
 12 000110000110001010110000111100001010110001101000011110000100000000
 12 000110001010001010110000111010001010110001011000101110000100000000
 12 000110010010001010110000111100001001110000111001001110000010000000
 12 000110010010001010011000111010001001110000111001100110000100000000
 12 000110000110001010110000111100001010110000111001001110000100000000
 12 000110001100001010011000111100001001110001101001001110000010000000
 12 000110010010001011100000111100001001110000111000011100101000000000
 12 000110010010001011100000111010001001110000111000011101001000000000
 12 000110011000001010101000111010001011100000111000011100011000000000
 12 000110010010001010110000111100001011010000111000011100101000000000
 12 000110010010001010110000111010001011010000111000011101001000000000
 12 000110011000001011100000110011001001110001110000011100011000000000
 12 000110011000001011010000110011001001110001110000101100011000000000
 12 000110010100001010011000111100001001110001110000101100011000000000
 12 000110010010001010110000111010001001110001101000011101001000000000
 12 000110010010001010110000111010001001110000111001001101001000000000
 12 000110011000001010110000110101001010110000111001010100011000000000
 12 000110000110001011100000110011001001110001110001100100011000000000
 12 000110000110001010101000110110001011010001011001100100101000000000
 12 000110010010001011100000110110001001110000111000011110001000000000
 12 000110000110001011100000110110001011010000111000011110001000000000
 12 000110000110001011100000110110001010110000111000101110001000000000
 12 000110011000001010101000110011001001110001110000011110001000000000
 12 000110011000001010011000110101001001110001110000011110001000000000
 12 000110010010001010110000110110001001110001101000011110001000000000
 12 000110001010001010011000111100001001110001110000011110001000000000
 12 000110000110001010110000111100001001110001101000011110001000000000
 12 000110001010001010110000110110001010110001011000101110001000000000
 12 000110011000001001110000111001001100110001110000110100010001000000
 12 000110001100001001011000111100001111000001110000011100010001000000
 12 000110010010001000111000111100001101100000111000011110001000000000
 12 000110001010001001110000111100001100110000111000011110001000000000
 12 000110001010001001011000111100001101100000111000011110001000000000
 12 000110000110001001101000111100001101100000111000011110001000000000
 12 000110000110001000111000111100001111000000111000011110001000000000
 12 000110000110001001101000110110001101100001101000011110001000000000
 12 000110011000001010101000101110001010110011100000011100100001000000
 12 000110011000001011100000101110001001110010011001010100010001000000
 12 000110011000001011100000101011001001110010011001100100010010000000
 12 000110010100001011100000101110001001110010011001100100010001000000
 12 000110011000001010110000101110001010110010011001100100010001000000
 12 000110011000001010110000101011001010110010101001100100010010000000
 12 000110011000001011100000100111001001110011001001010100010010000000
 12 000110010010001011100000101011001001110010011000110110000100000000
 12 000110010010001010110000101011001001110011100000011110000100000000
 12 000110001010001011010000101110001001110011100000011110000001000000
 12 000110011000001010101000101110001001110010011001010110000001000000
 12 000110011000001010011000101110001001110010101001010110000001000000
 12 000110011000001010110000101011001010110010101000110100011000000000
 12 000110010100001010011000101101001010110010110000101101001000000000
 12 000110011000001011100000100111001001110011010000011100011000000000
 12 000110011000001011010000100111001001110011100000011100011000000000
 12 000110010100001011100000100111001001110011100000011100011000000000
 12 000110011000001010011000101110001001110011100000011100011000000000
 12 000110001010001011100000100111001001110011010000011110001000000000
 12 000110001010001011010000100111001001110011100000011110001000000000
 12 000111000100001110100000011011000110110001110100100001000001001000
 12 000111001000001011010000110011000111010001011100100001000010001000
 12 000100110100001110001001100011000011110010101001100011000010000000
 12 000100110010001101100001101100000110110010011000110001100001000000
 12 000100111000001101100001100101000111010011010000011000110010000000
 12 000100111000001101001001100011000111100011100000101000110010000000
 12 000100111000001101100001100110000110110010011001001001100001000000
 12 000100101100001101100001101100000110110010011001100000110001000000
 12 000100101100001101100001101100000110110010011001001001100001000000
 12 000100101100001101100001101001000110110010011001100001100001000000
 12 000100100110001101100001101100000110110010011001100001100001000000
 12 000100101010001101100001101010000101110010011001100010100001000000
 12 000100111000001101001001100110000101110011100000011000111000000000
 12 000100111000001100110001100101000110110011100000011000111000000000
 12 000100111000001100110001100011000110110011100000101000111000000000
 12 000100110010001111000001011100001011100000111000011001100001000000
 12 000100110010001111000001011010001010110000111000110001010100000000
 12 000100110010001111000001011010001001110001011000110001010100000000
 12 000100110100001111000001010110001011010001101000011000110100000000
 12 000100110100001111000001010101001011010001110000011000110100000000
 12 000100110100001111000001010011001011010001110000101000110100000000
 12 000100110010001111000001010101001011100001011000011001100100000000
 12 000100110100001111000001010101001010110001110000011001010100000000
 12 000100110010001111000001010011001011100001011000101001100100000000
 12 000100110100001111000001010011001010110001110000101001010100000000
 12 000100101100001111000001011010001011010001011000101000110100000000
 12 000100101010001111000001011010001011010001011000110000110100000000
 12 000100100110001111000001011010001011100001101000101000110100000000
 12 000100100110001111000001011010001011010001101000110000110100000000
 12 000100101010001111000001011001001011100001011000011001100100000000
 12 000100101100001111000001011001001010110001110000011001010100000000
 12 000100100110001111000001011010001010110001101000110001010100000000
 12 000100110010001111000001011100001001110000111001100000110010000000
 12 000100110010001111000001011100001001110000111001010000110100000000
 12 000100110010001111000001011010001001110000111001100000110100000000
 12 000100110010001111000001010110001010110000111001010001010100000000
 12 000100110010001110010001011100001010110000111001100001100001000000
 12 000100100110001111000001011010001010110000111001100001010100000000
 12 000100110100001111000001010101001001110001110001100000110001000000
 12 000100110010001111000001010110001001110001110001100000110001000000
 12 000100110100001111000001010011001001110001110001100001010001000000
 12 000100101100001111000001011010001001110001101001100000110001000000
 12 000100100110001111000001011100001001110001110001100000110001000000
 12 000100101010001111000001011100001001110001011001010000110100000000
 12 000100100110001111000001011100001001110001101001010000110100000000
 12 000100101010001111000001011010001001110001011001100000110100000000
 12 000100100110001111000001011100001001110001011001100000110100000000
 12 000100100110001111000001011010001001110001101001100000110100000000
 12 000100100110001111000001011100001001110001011001010001010100000000
 12 000100100110001111000001011010001001110001011001100001010100000000
 12 000100101100001110010001011100001010110001011001100001010001000000
 12 000100101010001110010001011100001010110001011001100001100001000000
 12 000100110010001110001001011100001010110000111000110011000010000000
 12 000100101100001111000001011010001001110001011000101010010100000000
 12 000100101010001111000001011010001001110001011000110010010100000000
 12 000100101100001111000001010110001011010001101000011000111000000000
 12 000100101100001111000001010110001011010001011000101000111000000000
 12 000100101010001111000001010110001011100001011000101000111000000000
 12 000100101010001111000001010110001011010001011000110000111000000000
 12 000100101100001111000001010101001010110001110000101000111000000000
 12 000100100110001111000001010110001011100001101000101000111000000000
 12 000100100110001111000001010110001011010001101000110000111000000000
 12 000100101100001101100001011100001110010001110000011000110001000000
 12 000100110010001101100001011100001100110000111001010001100001000000
 12 000100110010001101100001011100001100110000111001010001010010000000
 12 000100101010001101100001011100001100110001110001010000110001000000
 12 000100101010001101100001011100001100110001011001100000110010000000
 12 000100101010001101100001011010001101100001011001100000110001000000
 12 000100101100001101100001011001001100110001110001100000110001000000
 12 000100101010001101100001011010001100110001110001100000110001000000
 12 000100101010001101010001011100001100110001110001100000110001000000
 12 000100100110001101010001011100001101010001110001100000110001000000
 12 000100101010001101100001011100001100110001011001010001100001000000
 12 000100101010001101100001011100001100110001011001010001010010000000
 12 000100100110001101100001011100001100110001110001010001010001000000
 12 000100100110001101100001011100001100110001101001010001100001000000
 12 000100101010001101100001011010001100110001011001100001100001000000
 12 000100100110001101100001011010001101010001011001100001100001000000
 12 000100100110001101100001011010001101010001011001100001010010000000
 12 000100100110001101010001011100001101010001011001100001100001000000
 12 000100101100001101100001010011001110010001110001100000110001000000
 12 000100101100001101001001010011001111000001110001100000110001000000
 12 000100101010001101100001010011001110100001011001100001100001000000
 12 000100101100001101001001010011001111000001011001100001100001000000
 12 000100101010001101010001010011001111000001011001100001100001000000
 12 000100100110001100101001011100001111000001110001010000110001000000
 12 000100101100001100011001011010001111000001101001100000110001000000
 12 000100101100001100011001011001001111000001110001100000110001000000
 12 000100101010001100011001011100001111000001011001010001010010000000
 12 000100101010001100011001011100001111000001011001001001100010000000
 12 000100100110001100011001011100001111000001110001010001010001000000
 12 000100100110001100011001011100001111000001110001001001010010000000
 12 000100101100001100011001011100001110010001011001100001010010000000
 12 000100101010001100011001011100001110010001011001100001100010000000
 12 000100110010001101010001010110001100110000111001100011000001000000
 12 000100101010001101100001011010001100110000111001100010010010000000
 12 000100100110001101100001011010001101010000111001100010010010000000
 12 000100100110001101010001011001001101100000111001100011000001000000
 12 000100110010001100011001010110001100110001110001100011000001000000
 12 000100100110001101100001010110001101010001011001100010100001000000
 12 000100100110001101100001010110001101010001011001100010010010000000
 12 000100101100001100101001011100001100110001110001010010010001000000
 12 000100101010001100110001011100001100110001011001100010100001000000
 12 000100101010001100011001011100001101100001011001100010010010000000
 12 000100100110001100011001011100001101100001101001100010010010000000
 12 000100100110001100011001011100001101010001110001100010010010000000
 12 000100100110001100011001011100001101010001101001100010100010000000
 12 000100101100001100110001011100001100110001011001001011000001000000
 12 000100101010001100110001011100001100110001011001010011000001000000
 12 000100101100001100011001011100001100110001110001001011000001000000
 12 000100111000001101001001011010001101100000111000101000111000000000
 12 000100111000001101010001011100001100110000111000011001011000000000
 12 000100110010001101100001011010001100110000111000110001011000000000
 12 000100110100001100101001011100001111000000111000011000111000000000
 12 000100111000001100011001011100001110100000111000101000111000000000
 12 000100111000001100011001011010001111000000111000101000111000000000
 12 000100101100001101001001011010001111000000111000101000111000000000
 12 000100100110001101100001011010001110010000111000110001011000000000
 12 000100111000001101001001010110001101010001110000011000111000000000
 12 000100110100001101100001010101001101010001110000011000111000000000
 12 000100111000001101001001010110001101100001011000101000111000000000
 12 000100111000001101001001010011001100110001110000110001011000000000
 12 000100101010001101100001011010001101010001011000110000111000000000
 12 000100101010001101100001011010001100110001101000110000111000000000
 12 000100101100001101001001011100001100110001110000101000111000000000
 12 000100100110001101100001011010001101010001101000110000111000000000
 12 000100101100001101100001011100001100110001011000011001011000000000
 12 000100101100001101100001011001001100110001110000011001011000000000
 12 000100101100001101001001011100001100110001110000011001011000000000
 12 000100101010001101001001011100001100110001110000011001101000000000
 12 000100100110001101100001011100001100110001110000011001011000000000
 12 000100101010001101100001011010001100110001011000110001011000000000
 12 000100101010001101100001011010001100110001011000101001101000000000
 12 000100101010001101001001011100001100110001011000110001101000000000
 12 000100100110001101100001011010001100110001101000110001011000000000
 12 000100101100001100101001011100001110010001110000011000111000000000
 12 000100101100001100011001011001001111000001110000101000111000000000
 12 000100111000001101001001010110001100110000111001010001011000000000
 12 000100110010001101100001010110001100110000111001010001011000000000
 12 000100110010001101100001010011001101100000111001001001101000000000
 12 000100111000001100101001011100001100110000111001010000111000000000
 12 000100111000001100011001011100001101010000111001010000111000000000
 12 000100100110001101001001011100001101100000111001010001011000000000
 12 000100110010001100011001010110001111000000111001010001011000000000
 12 000100110010001100011001010011001111000000111001100001101000000000
 12 000100101010001101100001010011001110100000111001001001101000000000
 12 000100100110001101100001010110001110010000111001010001011000000000
 12 000100100110001101001001010101001111000000111001010001101000000000
 12 000100101010001100011001011100001111000000111001010000111000000000
 12 000100100110001100101001011100001111000000111001010000111000000000
 12 000100100110001100110001011100001110010000111001100000111000000000
 12 000100100110001100101001011010001111000000111001001001101000000000
 12 000100100110001100011001011010001111000000111001100001011000000000
 12 000100111000001100011001010110001101010001110001001000111000000000
 12 000100111000001100011001010101001101100001110001001000111000000000
 12 000100111000001100101001010011001100110001110001001001101000000000
 12 000100101010001101100001010110001101010001011001010000111000000000
 12 000100100110001101100001010110001101010001101001010000111000000000
 12 000100101010001101001001010011001101100001110001100000111000000000
 12 000100101010001101100001010110001100110001011001010001011000000000
 12 000100100110001101100001010110001100110001101001010001011000000000
 12 000100101010001100011001011100001100110001110001010001011000000000
 12 000100100110001100101001011100001100110001101001010001101000000000
 12 000100100110001100011001011100001101100001101001010001011000000000
 12 000100100110001100011001011100001101010001101001010001101000000000
 12 000100101100001100011001011001001100110001110001100001011000000000
 12 000100101010001100011001011010001100110001110001100001011000000000
 12 000100101100001100101001010011001111000001110001001000111000000000
 12 000100101010001100011001010110001111000001011001001001101000000000
 12 000100100110001100101001010011001111000001101001010001101000000000
 12 000100100110001100011001010110001111000001101001001001101000000000
 12 000100101100001100011001010011001110010001110001100001011000000000
 12 000100100110001100011001010011001111000001110001100001011000000000
 12 000100101010001100011001011100001100110000111001100010101000000000
 12 000100100110001100110001011100001100110000111001100010011000000000
 12 000100100110001100011001011100001101010000111001100010101000000000
 12 000100010110001110010001011100001111000000111001001001010010000000
 12 000100010110001110010001011100001110100000111001100001010001000000
 12 000100010110001110010001011100001110010000111001100001100001000000
 12 000100011100001111000001010101001101010001110000011000111000000000
 12 000100011010001111000001010110001101010001011000110000111000000000
 12 000100011010001111000001010110001100110001101000110000111000000000
 12 000100011100001111000001010011001101010001110000101000111000000000
 12 000100111000001111000001001110001011010010011000110000110001000000
 12 000100111000001110001001001110001010110011100000101000110010000000
 12 000100111000001110001001001011001011100011100000101000110010000000
 12 000100111000001110001001001011001001110011100001010001010010000000
 12 000100111000001110001001000111001010110011100001010001010010000000
 12 000100110100001111000001000111001001110010011001100011000001000000
 12 000100111000001110001001001110001001110010011001010001011000000000
 12 000100111000001110001001000111001011100010110001001000111000000000
 12 000100111000001110001001000111001010110010110001010001011000000000
 12 000100101010001110100001001110001011010010011001010000111000000000
 12 000100101010001110100001001110001010110010101001010000111000000000
 12 000100101010001110100001001011001011100010011001001001101000000000
 12 000100111000001101100001010110001010110011001000110000110001000000
 12 000100111000001100011001011001001011100011100000101000110010000000
 12 000100111000001100011001011001001010110011100000110001010010000000
 12 000100110100001101100001011100001001110010101001010000110001000000
 12 000100111000001101100001010101001010110010110001001000110010000000
 12 000100101100001101100001011100001010110010011001100000110001000000
 12 000100100110001101100001011100001011010010011001010001100001000000
 12 000100101010001101100001011010001010110010011001100001100001000000
 12 000100111000001100101001010011001010110011100001001001100010000000
 12 000100111000001100011001010101001010110011010001100001010010000000
 12 000100111000001101100001010101001010110010110000011010010010000000
 12 000100111000001101100001010110001010110010011000110010010001000000
 12 000100111000001100101001010011001011100011100000011010010010000000
 12 000100111000001100101001010011001010110011100000101010100010000000
 12 000100111000001100011001010011001011100011100000101010010010000000
 12 000100101100001101100001010011001011010010011001100010100001000000
 12 000100100110001101100001010101001011100010011001010011000001000000
 12 000100101010001100110001011010001010110010011001100011000001000000
 12 000100101100001100011001011001001011100010011001100011000001000000
 12 000100110100001101100001010101001011010010110000011000111000000000
 12 000100111000001101001001010011001011100010110000101000111000000000
 12 000100111000001101001001010011001011100010110000011001011000000000
 12 000100110100001101100001010011001011010010110000011001011000000000
 12 000100111000001100011001011001001010110010110000110001011000000000
 12 000100101100001101100001011001001011010010110000011000111000000000
 12 000100101010001101100001011010001011010010011000110000111000000000
 12 000100101100001101100001011001001010110010110000101000111000000000
 12 000100101100001101100001011001001010110010110000011001011000000000
 12 000100111000001101001001010011001001110011100000011001101000000000
 12 000100111000001101001001010011001001110011010000101001101000000000
 12 000100111000001100101001011100001001110011010000011000111000000000
 12 000100111000001100011001011010001001110011100000011001011000000000
 12 000100111000001100011001011001001001110011010000110001011000000000
 12 000100111000001100110001010101001010110011100000011000111000000000
 12 000100111000001100110001010011001011010011010000101000111000000000
 12 000100111000001100110001010011001010110011100000101000111000000000
 12 000100111000001100011001010011001011010011100000110000111000000000
 12 000100111000001100011001010101001010110011010000110001011000000000
 12 000100111000001100011001010101001010110011010000101001101000000000
 12 000100111000001101001001010011001001110010110001010001011000000000
 12 000100111000001100101001011010001001110010011001100000111000000000
 12 000100111000001100101001010011001011100010110001001000111000000000
 12 000100111000001100101001010011001010110010110001010001011000000000
 12 000100111000001100101001010011001010110010110001001001101000000000
 12 000100111000001100011001010101001010110010110001001001101000000000
 12 000100101100001101100001010101001010110010110001001000111000000000
 12 000100101100001101100001010011001011010010110001001000111000000000
 12 000100101100001101100001010011001010110010110001001001011000000000
 12 000100111000001100110001010011001001110011100001001000111000000000
 12 000100111000001100011001010011001001110011100001001001101000000000
 12 000100111000001101001001010011001001110010110000110010011000000000
 12 000100111000001100011001011001001001110010110000110010011000000000
 12 000100111000001100101001010011001011100010011000101010101000000000
 12 000100111000001100101001010011001010110010110000110010011000000000
 12 000100111000001100101001010011001010110010110000101010101000000000
 12 000100111000001100011001010101001010110010110000110010011000000000
 12 000100111000001100011001010011001011100010110000101010011000000000
 12 000100111000001100011001010011001011010010110000110010011000000000
 12 000100101100001101100001010011001011010010110000011010011000000000
 12 000100101100001101100001010011001010110010110000101010011000000000
 12 000100101010001100101001011100001011100010011000011010101000000000
 12 000100101010001100011001011100001011100010011000101010101000000000
 12 000100111000001100110001010011001001110011100000011010011000000000
 12 000100111000001100011001010011001001110011100000110010011000000000
 12 000100111000001100011001010101001001110010110001010010011000000000
 12 000100101010001101100001010110001001110010011001010010011000000000
 12 000100101100001100011001011001001001110010110001100010011000000000
 12 000100101100001100011001010101001010110010110001100010011000000000
 12 000100101100001100011001010011001011010010110001100010011000000000
 12 000100101100001100011001010101001010110010110001001011001000000000
 12 000100110010001110100001001011001011100000111011000001100001000000
 12 000100111000001110001001001011001001110001110011000001010010000000
 12 000100110010001111000001000111001011100000111010001001101000000000
 12 000100100110001111000001001110001011010000111010100000111000000000
 12 000100101010001111000001000111001011100001011010001001101000000000
 12 000100111000001101001001011100001001110001011010010001010010000000
 12 000100111000001100011001011100001011100001011010001001100001000000
 12 000100101100001101100001011100001010110001110010001000110001000000
 12 000100111000001100101001010110001010110001011011000000110100000000
 12 000100110010001100101001011100001010110000111010010011000010000000
 12 000100101010001101100001011100001010110000111010010010010010000000
 12 000100101010001101100001011010001001110001011010010011000001000000
 12 000100101010001101100001011001001001110001011010010011000010000000
 12 000100101010001100101001011100001010110001011010010011000010000000
 12 000100101100001100011001011100001010110001110010001011000001000000
 12 000100111000001100011001011100001001110000111011000010010010000000
 12 000100111000001100011001011010001001110000111011000010010100000000
 12 000100110100001100011001011100001001110000111011000010010100000000
 12 000100100110001101100001011100001011010000111010010000111000000000
 12 000100101100001101001001011100001010110000111010100000111000000000
 12 000100100110001101100001011100001010110000111010100000111000000000
 12 000100100110001101100001011010001011010000111010100000111000000000
 12 000100100110001101010001011100001011010000111010100000111000000000
 12 000100100110001101100001011100001010110000111010010001011000000000
 12 000100110010001101100001010110001001110000111011000000111000000000
 12 000100110010001100110001011100001001110000111011000000111000000000
 12 000100111000001100011001010110001010110000111011000001011000000000
 12 000100111000001100101001010110001001110001011011000000111000000000
 12 000100111000001100011001010110001001110001101011000000111000000000
 12 000100101010001101100001010110001001110001011011000000111000000000
 12 000100100110001101100001010110001001110001101011000000111000000000
 12 000100100110001101100001010110001001110001011011000001011000000000
 12 000100101100001100101001011100001001110001011011000000111000000000
 12 000100101100001100011001011100001001110001101011000000111000000000
 12 000100100110001100110001011100001001110001011011000001011000000000
 12 000100101100001100101001010011001010110001110011000001011000000000
 12 000100101100001100011001010110001010110001101011000001011000000000
 12 000100101100001100011001010101001010110001110011000001011000000000
 12 000100111000001101001001010110001001110000111010010010011000000000
 12 000100100110001101100001011100001001110000111010010010011000000000
 12 000100100110001101100001011010001001110000111010100010011000000000
 12 000100100110001101010001011100001001110000111010100010011000000000
 12 000100111000001100101001010110001010110000111010010010011000000000
 12 000100110010001100011001010110001010110000111010100011001000000000
 12 000100101010001100011001011100001011100000111010001010101000000000
 12 000100100110001100101001011100001011100000111010001010101000000000
 12 000100100110001100110001011100001010110000111010100010011000000000
 12 000100101100001100011001011010001011010000111010100010011000000000
 12 000100101100001100011001010011001011010001110010100010011000000000
 12 000100110100001101100001000111001111000001110010001000110001000000
 12 000100110010001101100001000111001110010000111011000001100010000000
 12 000100110010001101010001000111001111000000111011000001100001000000
 12 000100100110001101100001001110001101010001110011000000110001000000
 12 000100101010001101100001001110001100110001011011000001100001000000
 12 000100101010001101100001001011001101010001011011000001100010000000
 12 000100100110001101100001001110001100110001110011000001010001000000
 12 000100110010001100110001000111001111000001011011000001100001000000
 12 000100101010001101100001000111001110100001011011000001100001000000
 12 000100101010001101100001000111001110010001011011000001100010000000
 12 000100100110001101010001000111001111000001110011000001010001000000
 12 000100101010001100110001001011001111000001011011000001100001000000
 12 000100101100001100101001001011001111000001011011000000110100000000
 12 000100101010001100011001001110001111000001011011000000110100000000
 12 000100101100001100011001001011001111000001011011000001010100000000
 12 000100110010001101100001000111001111000000111010001010100010000000
 12 000100100110001101100001001110001110100000111010001011000001000000
 12 000100100110001101100001001101001110100000111010001011000010000000
 12 000100101010001101100001001110001100110001011010010011000001000000
 12 000100101010001101100001001101001100110001011010010011000010000000
 12 000100101010001101100001001011001101100001011010001011000010000000
 12 000100101100001101100001001011001100110001110010001011000001000000
 12 000100101010001101100001000111001111000001011010001010100010000000
 12 000100100110001101100001000111001111000001101010001010100010000000
 12 000100101010001101100001000111001110100001011010001011000010000000
 12 000100101100001100011001001110001111000001011010001011000001000000
 12 000100101010001100011001001110001111000001011010010011000001000000
 12 000100100110001100110001001011001111000001110010001011000001000000
 12 000100100110001100011001001110001111000001110010001011000001000000
 12 000100100110001100011001001110001111000001101010001011000010000000
 12 000100100110001101100001000111001101100001011011000011000001000000
 12 000100100110001101100001000111001100110001110011000011000001000000
 12 000100100110001101010001000111001101010001110011000011000001000000
 12 000100101100001101001001001011001111000000111010100000111000000000
 12 000100100110001101100001001101001110100000111010001001101000000000
 12 000100100110001101001001001110001111000000111010001001101000000000
 12 000100110100001101100001000111001101010000111011000000111000000000
 12 000100110010001101100001000111001100110000111011000001101000000000
 12 000100111000001100101001000111001110100000111011000000111000000000
 12 000100111000001100011001000111001110100000111011000001011000000000
 12 000100100110001101100001000111001101010001110011000000111000000000
 12 000100101010001101100001000111001100110001011011000001101000000000
 12 000100101100001100101001000111001111000001011011000000111000000000
 12 000100101100001100011001000111001111000001011011000001011000000000
 12 000100101100001100011001000111001110010001110011000001011000000000
 12 000100110010001101010001000111001100110000111010100011001000000000
 12 000100101010001101100001001110001100110000111010010010011000000000
 12 000100100110001101100001001101001101100000111010001010101000000000
 12 000100110100001100011001000111001111000000111010001011001000000000
 12 000100101010001100011001001110001111000000111010010010011000000000
 12 000100101010001100011001001011001111000000111010100010101000000000
 12 000100100110001100101001001011001111000000111010100010101000000000
 12 000100100110001100110001001011001111000000111010001011001000000000
 12 000100100110001100011001001110001111000000111010001011001000000000
 12 000100101100001101100001000111001100110001110010001010011000000000
 12 000100100110001101100001000111001101100001101010001010101000000000
 12 000100101100001101001001000111001100110001110010001011001000000000
 12 000100101010001100011001001110001101100001011010100010011000000000
 12 000100101100001100101001001011001100110001110010100010011000000000
 12 000100101100001100011001001011001101010001110010100010011000000000
 12 000100101010001100011001001110001100110001011010100011001000000000
 12 000100101100001100011001000111001111000001110010001010011000000000
 12 000100101010001100011001000111001111000001110010001010101000000000
 12 000100101100001100011001000111001110010001110010001011001000000000
 12 000100101010001100011001000111001110100001110010001011001000000000
 12 000100100110001100011001000111001111000001110010001011001000000000
 12 000100010110001110010001001101001111000000111010010011000001000000
 12 000100011010001111000001001110001100110000111010100000111000000000
 12 000100001110001111000001001110001111000000111010001000111000000000
 12 000100001110001111000001001110001110010000111010100000111000000000
 12 000100011010001111000001000111001101100001011010001001101000000000
 12 000100001110001111000001000111001111000000111011000000111000000000
 12 000100010110001101100001011100001101100001011010001001100001000000
 12 000100011010001101100001010011001111000000111010010010100001000000
 12 000100011100001101100001010011001110100000111010001011000001000000
 12 000100010110001101100001010110001110100000111010001011000001000000
 12 000100010110001101100001010101001110100000111010001011000010000000
 12 000100001110001101100001011100001100110000111011000010100001000000
 12 000100011010001100110001010011001111000000111011000010100001000000
 12 000100011010001100011001010110001111000000111011000010010010000000
 12 000100010110001100101001010110001110010000111011000010100100000000
 12 000100001110001100011001011100001110100000111011000010010100000000
 12 000100011100001100011001011100001100110000111011000001011000000000
 12 000100010110001100110001011100001100110000111011000001011000000000
 12 000100001110001101100001010110001110010000111011000000111000000000
 12 000100111000001100101001001110001010110011100010001000110010000000
 12 000100111000001100011001001101001011100011100010001000110010000000
 12 000100111000001100011001001110001010110011100010001001010010000000
 12 000100111000001100011001001011001011100011100010001001100001000000
 12 000100111000001100011001001011001011100011100010001001010010000000
 12 000100111000001100011001001011001011010011100010001001100010000000
 12 000100101010001101100001001110001011100010011011000000110001000000
 12 000100100110001101100001001110001011100010011011000001010001000000
 12 000100101100001101100001001101001010110010110010001000111000000000
 12 000100101100001101100001001011001011010010110010001000111000000000
 12 000100101010001101100001001110001010110010011010010001011000000000
 12 000100111000001100011001000111001001110011100011000000111000000000
 12 000100111000001100011001000111001001110011010011000001011000000000
 12 000100101100001101001001000111001010110010110010001011001000000000
 12 000100101100001100101001001011001010110010110010001011001000000000
 12 000100101100001100011001001101001010110010110010001011001000000000
 12 000100101100001100011001001011001011010010110010001011001000000000
 12 000100111000001100110001000111001001110011010010001010011000000000
 12 000100110010001110100001100011000111100001011100100001000010001000
 12 000100101100001110100001101001000110110001011100100001000010001000
 12 000100011010001110100001110010000110110001011100100001000010001000
 12 000100010110001110100001110001000111100001011100100001000010001000
 12 000100101100001110100001011010001010110001011100100001000001001000
 12 000100101100001110100001011001001010110001011100100001000010001000
 12 000100101010001110100001011010001010110001011100100001000010001000
 12 000100011010001110100001011010001100110001011100100001000010001000
 12 000110011000000111001000110011000110111000110000110011000001000000
 12 000110001010000111100000111100000111101000011000011010100001000000
 12 000110001010000111100000111001000111101000011000011011000010000000
 12 000110011000000110110000110011000110111001100000110010010001000000
 12 000110110000000101101000100111000111101011000000011000110100000000
 12 000110110000000101011000100111000111101011000000101000110100000000
 12 000110110000000100111000100111000111101011000001100000110001000000
 12 000110100010000101110000101110000111101010001000011011000001000000
 12 000110011000000110011000101110000101111001100001010100010001000000
 12 000110010100011001010000111100001111000000101000101000110011000000
 12 000110011000011001100000111010001101010001100000011000110011000000
 12 000110011000011001100000111010001101010001010000101000110011000000
 12 000110011000011001010000111100001101010001010000101000110011000000
 12 000110011000011001100000111010001100110001100000011001010011000000
 12 000110011000011001100000111001001100110001010000110001010011000000
 12 000110011000011001010000111001001100110001100000110001010011000000
 12 000110011000011000011000111010001110100001100000011001010101000000
 12 000110011000011001100000110101001101010001010001010000110011000000
 12 000110011000011001100000110101001100110001100001010000110011000000
 12 000110011000011001010000110101001101010001100001010000110011000000
 12 000110011000011001010000110101001100110001100001010001010011000000
 12 000110011000011000101000111100001101010001010000011010100011000000
 12 000110010010011000110000111100001101100001100000011010010011000000
 12 000110010100011000101000111100001100110001010000101011000011000000
 12 000110011000010101100001011001001110010000110000110000110011000000
 12 000110011000010101100001011010001101010001100000011000110011000000
 12 000110010100010101100001011100001101010001010000101000110011000000
 12 000110011000010101010001011010001101010001100000101000110011000000
 12 000110010100010101010001011100001101010001100000101000110011000000
 12 000110011000010101100001011010001101010001010000011001010011000000
 12 000110011000010101100001011001001100110001010000110001010011000000
 12 000110011000010101010001011001001100110001100000110001010011000000
 12 000110011000010101010001011001001101010001100000011000110110000000
 12 000110011000010101010001011001001100110001100000011001100101000000
 12 000110010010010100110001011100001110010001100000011001100011000000
 12 000110010100010100011001011100001110010001100000110001010011000000
 12 000110010100010100011001011010001111000001100000101000110101000000
 12 000110011000010101100001010011001101100001100001001000110011000000
 12 000110011000010101010001010101001100110001100001010001010011000000
 12 000110011000010101001001010110001100110001100001010001010011000000
 12 000110010100010101100001010101001100110001100001001001100011000000
 12 000110011000010101010001010011001101010001100001001001100011000000
 12 000110010100010101100001010011001101010001100001010001010011000000
 12 000110001100010101100001011001001100110001010001100001010011000000
 12 000110000110010101100001011001001101100001001001100001100011000000
 12 000110000110010101100001011100001100110001010001001001100101000000
 12 000110010100010100110001010101001110010001100001100000110011000000
 12 000110010100010100101001010101001110100001100001100000110011000000
 12 000110011000010100011001010110001110010001100001010001010011000000
 12 000110011000010100011001010110001110010001010001100001010011000000
 12 000110011000010100011001010011001110100001100001100001010011000000
 12 000110010100010100011001010110001110010001100001100001010011000000
 12 000110000110010101010001010101001111000001100001010001010011000000
 12 000110000110010101010001010101001111000001100001001001100011000000
 12 000110000110010101001001010110001110010001100001100001100011000000
 12 000110000110010101100001010110001110010001100001010000110101000000
 12 000110001010010101100001011100001101010000011001010010100011000000
 12 000110000110010101100001011100001101010000101001010010100011000000
 12 000110000110010101100001011010001101010000101001100010100011000000
 12 000110001100010101010001011100001100110000101001001011000011000000
 12 000110001100010101001001011100001100110000110001001011000011000000
 12 000110001100010101010001011001001101010000011001100011000011000000
 12 000110001100010101001001011010001101010000011001100011000011000000
 12 001001100010010011100001001011001100010001110000111011000010000000
 12 001001110000010010011001000111001110000001110000111011000001000000
 12 001001110000010010110001000111001100010001110000111010011000000000
 12 001001110000010011100001001101001001100010011001011001100001000000
 12 001001100010010011100001001110001000110011100001101000110010000000
 12 001001100010010011100001001011001001100011100001011001100001000000
 12 001001110000010010110001001101001001010010110001011000111000000000
 12 001001011000010011001001010011001011000010110001011001100001000000
 12 001001010010010011100001010011001001010011100001110000110010000000
 12 001001001010010011100001011001001000110011100001110000110010000000
 12 001001011000010010011001010011001011000010011001110011000001000000
 12 001001010010010011100001010011001001100011100000111000111000000000
 12 001001001100010011100001011001001001010011010000111000111000000000
 12 001001001010010011100001011010001000110011100000111000111000000000
 12 001001010010010011100001010011001001010010110001110000111000000000
 12 001001011000010010110001011001001001010010110001011000111000000000
 12 001001011000010010110001011001001000110010110001101000111000000000
 12 001001011000010010110001010011001010010010110001101000111000000000
 12 001001001100010011100001010101001001010011010001011000111000000000
 12 001001001100010011100001010011001001010011010001011001011000000000
 12 001001110000010001101001000111001110000001011000111101000010000000
 12 001001110000010001011001000111001110000001011000111101000100000000
 12 001001110000010001011001000111001110000000111000111110000100000000
 12 001001101000010110010001010011001011000001101001011001000010001000
 12 001001101000010110010001010011001011000001011001101001000010001000
 12 001001101000010110010001001101001011000010011001011001000010001000
 12 001001100010010101100001010011001001100011100001011000100001100000
 12 001001101000010100011001010110001011000011001001011001000010001000
 12 001001101000010101001001001011001101000010110001011000100100001000
 12 001010010010010101010000111100010001010011100000011001100011000000
 12 001010011000010101010000110101010011000010011001100000110011000000
 12 001010011000010101100000110110010010010010011001001001100011000000
 12 001010011000010101010000110011010011000010101001010001010011000000
 12 001010010100010101100000111100010001010010011000011011000011000000
 12 001010010010010101100000111010010001100010011000101011000011000000
 12 001010010100010101100000111100010000110010101000011010100101000000
 12 001010001100010101100000111100010000110011001000011011000011000000
 12 001010001010010101100000111010010000110011100000011010010110000000
 12 001010001010010101100000111001010000110011100000011010100110000000
 12 001010100010010100110000111010010100010001110000011011000001100000
 12 001010101000010101001000101110010101000001011010100000110010001000
